"","SampleSize","Coverage","1MinusCoverage","ObservedTypes","ChaoEstimator","Chao/ObsTypes","ChaoMinusObsTypes"
"2",73,0.9477,0.0523,14,15.127,1.0805,1.127
"1",178,0.9777,0.0223,17,20.978,1.234,3.978
"3",316,0.9874,0.0125999999999999,14,21.975,1.56964285714286,7.975
